#Data,
#Attribution: IMD - India Meteorological Department  http://www.imd.gov.in/,
date,pm25
4/20/2018 0:00,92
4/19/2018 23:00,89
4/19/2018 22:00,75
4/19/2018 21:00,57
4/19/2018 20:00,57
4/19/2018 19:00,29
4/19/2018 18:00,40
4/19/2018 17:00,33
4/19/2018 16:00,66
4/19/2018 15:00,61
4/19/2018 14:00,54
4/19/2018 13:00,47
4/19/2018 12:00,53
4/19/2018 11:00,70
4/19/2018 10:00,132
4/19/2018 9:00,111
4/19/2018 8:00,242
4/19/2018 7:00,303
4/19/2018 6:00,211
4/19/2018 5:00,124
4/19/2018 4:00,125
4/19/2018 3:00,144
4/19/2018 2:00,88
4/19/2018 1:00,84
4/19/2018 0:00,79
4/18/2018 23:00,81
4/18/2018 22:00,81
4/18/2018 21:00,55
4/18/2018 20:00,26
4/18/2018 19:00,27
4/18/2018 18:00,9
4/18/2018 17:00,24
4/16/2018 2:00,278
4/16/2018 1:00,180
4/16/2018 0:00,118
4/15/2018 23:00,88
4/15/2018 22:00,110
4/15/2018 21:00,63
4/15/2018 20:00,55
4/15/2018 19:00,50
4/15/2018 18:00,34
4/15/2018 17:00,39
4/15/2018 16:00,36
4/15/2018 15:00,19
4/15/2018 14:00,8
4/15/2018 13:00,9
4/15/2018 12:00,27
4/15/2018 11:00,141
4/15/2018 10:00,175
4/15/2018 9:00,316
4/15/2018 8:00,345
4/15/2018 7:00,356
4/15/2018 6:00,326
4/15/2018 5:00,301
4/15/2018 4:00,321
4/15/2018 3:00,204
4/15/2018 2:00,183
4/15/2018 1:00,187
4/15/2018 0:00,234
4/14/2018 23:00,160
4/14/2018 22:00,100
4/14/2018 21:00,61
4/14/2018 20:00,46
4/14/2018 19:00,42
4/14/2018 18:00,17
4/14/2018 17:00,19
4/14/2018 16:00,12
4/14/2018 15:00,4
4/14/2018 14:00,-
4/14/2018 13:00,11
4/14/2018 12:00,45
4/14/2018 11:00,96
4/14/2018 10:00,277
4/14/2018 9:00,326
4/14/2018 8:00,308
4/14/2018 7:00,307
4/14/2018 6:00,262
4/14/2018 5:00,220
4/14/2018 4:00,160
4/14/2018 3:00,156
4/14/2018 2:00,282
4/14/2018 1:00,291
4/14/2018 0:00,324
4/13/2018 23:00,182
4/13/2018 22:00,72
4/13/2018 21:00,59
4/13/2018 20:00,44
4/13/2018 19:00,47
4/13/2018 18:00,60
4/13/2018 17:00,11
4/13/2018 16:00,35
4/13/2018 15:00,56
4/13/2018 14:00,12
4/13/2018 13:00,9
4/13/2018 12:00,14
4/13/2018 11:00,52
4/13/2018 10:00,177
4/13/2018 9:00,306
4/13/2018 8:00,247
4/13/2018 7:00,270
4/13/2018 6:00,228
4/13/2018 5:00,300
4/13/2018 4:00,115
4/13/2018 3:00,152
4/13/2018 2:00,70
4/13/2018 1:00,67
4/13/2018 0:00,261
4/12/2018 23:00,312
4/12/2018 22:00,69
4/12/2018 21:00,63
4/12/2018 20:00,49
4/12/2018 19:00,28
4/12/2018 18:00,29
4/12/2018 17:00,37
4/12/2018 16:00,63
4/12/2018 15:00,66
4/12/2018 14:00,36
4/12/2018 13:00,57
4/12/2018 12:00,77
4/12/2018 11:00,71
4/12/2018 10:00,76
4/12/2018 9:00,34
4/12/2018 8:00,8
4/12/2018 7:00,1
4/12/2018 6:00,21
4/12/2018 5:00,27
4/12/2018 4:00,86
4/12/2018 3:00,23
4/12/2018 2:00,25
4/12/2018 1:00,14
4/12/2018 0:00,35
4/11/2018 23:00,46
4/11/2018 22:00,27
4/11/2018 21:00,17
4/11/2018 20:00,17
4/11/2018 19:00,6
4/11/2018 18:00,28
4/11/2018 17:00,69
4/11/2018 16:00,103
4/11/2018 15:00,81
4/11/2018 14:00,52
4/11/2018 13:00,40
4/11/2018 12:00,64
4/11/2018 11:00,85
4/11/2018 10:00,83
4/11/2018 9:00,83
4/11/2018 8:00,21
4/11/2018 7:00,39
4/11/2018 6:00,35
4/11/2018 5:00,79
4/11/2018 4:00,99
4/11/2018 3:00,90
4/11/2018 2:00,69
4/11/2018 1:00,45
4/11/2018 0:00,24
4/10/2018 23:00,50
4/10/2018 22:00,85
4/10/2018 21:00,118
4/10/2018 20:00,78
4/10/2018 19:00,44
4/10/2018 18:00,58
4/10/2018 17:00,52
4/10/2018 16:00,106
4/10/2018 15:00,120
4/10/2018 14:00,126
4/10/2018 13:00,69
4/10/2018 12:00,54
4/10/2018 11:00,70
4/10/2018 10:00,97
4/10/2018 9:00,225
4/10/2018 8:00,200
4/10/2018 7:00,178
4/10/2018 6:00,124
4/10/2018 5:00,97
4/10/2018 4:00,166
4/10/2018 3:00,232
4/10/2018 2:00,201
4/10/2018 1:00,114
4/10/2018 0:00,151
4/9/2018 23:00,92
4/9/2018 22:00,113
4/9/2018 21:00,127
4/9/2018 20:00,94
4/9/2018 19:00,42
4/9/2018 18:00,25
4/9/2018 17:00,7
4/9/2018 16:00,19
4/9/2018 15:00,58
4/9/2018 14:00,52
4/9/2018 13:00,36
4/9/2018 12:00,5
4/9/2018 11:00,2
4/9/2018 10:00,35
4/9/2018 9:00,101
4/9/2018 8:00,140
4/9/2018 7:00,111
4/9/2018 6:00,69
4/9/2018 5:00,48
4/9/2018 4:00,52
4/9/2018 3:00,84
4/9/2018 2:00,96
4/9/2018 1:00,77
4/9/2018 0:00,72
4/8/2018 23:00,41
4/8/2018 22:00,32
4/8/2018 21:00,38
4/8/2018 20:00,70
4/8/2018 19:00,83
4/8/2018 18:00,90
4/8/2018 17:00,56
4/8/2018 16:00,41
4/8/2018 15:00,49
4/8/2018 14:00,71
4/8/2018 13:00,76
4/8/2018 12:00,79
4/8/2018 11:00,70
4/8/2018 10:00,45
4/8/2018 9:00,49
4/8/2018 8:00,64
4/8/2018 7:00,95
4/8/2018 6:00,56
4/8/2018 5:00,43
4/8/2018 4:00,32
4/8/2018 3:00,37
4/8/2018 2:00,49
4/8/2018 1:00,147
4/8/2018 0:00,90
4/7/2018 23:00,95
4/7/2018 22:00,64
4/7/2018 21:00,44
4/7/2018 20:00,45
4/7/2018 19:00,70
4/7/2018 18:00,81
4/7/2018 17:00,71
4/7/2018 16:00,61
4/7/2018 15:00,55
4/7/2018 14:00,40
4/7/2018 13:00,64
4/7/2018 12:00,73
4/7/2018 11:00,81
4/7/2018 10:00,68
4/7/2018 9:00,22
4/7/2018 8:00,53
4/7/2018 7:00,132
4/7/2018 6:00,79
4/7/2018 5:00,61
4/7/2018 4:00,36
4/7/2018 3:00,10
4/7/2018 2:00,4
4/7/2018 1:00,12
4/7/2018 0:00,58
4/6/2018 23:00,40
4/6/2018 22:00,3
4/6/2018 21:00,-
4/6/2018 20:00,-
4/6/2018 19:00,48
4/6/2018 18:00,75
4/6/2018 17:00,136
4/6/2018 16:00,140
4/6/2018 15:00,128
4/6/2018 14:00,58
4/6/2018 13:00,53
4/6/2018 12:00,75
4/6/2018 11:00,150
4/6/2018 10:00,101
4/6/2018 9:00,146
4/6/2018 8:00,178
4/6/2018 7:00,120
4/6/2018 6:00,142
4/6/2018 5:00,211
4/6/2018 4:00,221
4/6/2018 3:00,129
4/6/2018 2:00,154
4/6/2018 1:00,219
4/6/2018 0:00,188
4/5/2018 23:00,178
4/5/2018 22:00,187
4/5/2018 21:00,182
4/5/2018 20:00,49
4/5/2018 19:00,35
4/5/2018 18:00,27
4/5/2018 17:00,51
4/5/2018 16:00,83
4/5/2018 15:00,107
4/5/2018 14:00,67
4/5/2018 13:00,40
4/5/2018 12:00,53
4/5/2018 11:00,308
4/5/2018 10:00,364
4/5/2018 9:00,384
4/5/2018 8:00,401
4/5/2018 7:00,413
4/5/2018 6:00,412
4/5/2018 5:00,375
4/5/2018 4:00,382
4/5/2018 3:00,361
4/5/2018 2:00,345
4/5/2018 1:00,308
4/5/2018 0:00,273
4/4/2018 23:00,185
4/4/2018 22:00,231
4/4/2018 21:00,221
4/4/2018 20:00,190
4/4/2018 19:00,95
4/4/2018 18:00,73
4/4/2018 17:00,58
4/4/2018 16:00,70
4/4/2018 15:00,132
4/4/2018 14:00,144
4/4/2018 13:00,116
4/4/2018 12:00,62
4/4/2018 11:00,124
4/4/2018 10:00,184
4/4/2018 9:00,246
4/4/2018 8:00,215
4/4/2018 7:00,233
4/4/2018 6:00,123
4/4/2018 5:00,150
4/4/2018 4:00,176
4/4/2018 3:00,250
4/4/2018 2:00,230
4/4/2018 1:00,176
4/4/2018 0:00,136
4/3/2018 23:00,154
4/3/2018 22:00,147
4/3/2018 21:00,110
4/3/2018 20:00,150
4/3/2018 19:00,98
4/3/2018 18:00,69
4/3/2018 17:00,61
4/3/2018 16:00,53
4/3/2018 15:00,75
4/3/2018 14:00,110
4/3/2018 13:00,135
4/3/2018 12:00,96
4/3/2018 11:00,79
4/3/2018 10:00,88
4/3/2018 9:00,149
4/3/2018 8:00,254
4/3/2018 7:00,292
4/3/2018 6:00,149
4/3/2018 5:00,106
4/3/2018 4:00,122
4/3/2018 3:00,129
4/3/2018 2:00,224
4/3/2018 1:00,215
4/3/2018 0:00,176
4/2/2018 23:00,119
4/2/2018 22:00,85
4/2/2018 21:00,60
4/2/2018 20:00,90
4/2/2018 19:00,108
4/2/2018 18:00,123
4/2/2018 17:00,84
4/2/2018 16:00,67
4/2/2018 15:00,72
4/2/2018 14:00,71
4/2/2018 13:00,108
4/2/2018 12:00,119
4/2/2018 11:00,97
4/2/2018 10:00,88
4/2/2018 9:00,98
4/2/2018 8:00,117
4/2/2018 7:00,182
4/2/2018 6:00,161
4/2/2018 5:00,129
4/2/2018 4:00,90
4/2/2018 3:00,86
4/2/2018 2:00,87
4/2/2018 1:00,141
4/2/2018 0:00,174
4/1/2018 23:00,183
4/1/2018 7:00,126
4/1/2018 6:00,109
4/1/2018 5:00,84
4/1/2018 4:00,95
4/1/2018 3:00,78
4/1/2018 2:00,81
4/1/2018 1:00,101
4/1/2018 0:00,153
3/31/2018 23:00,175
3/31/2018 22:00,113
3/31/2018 21:00,61
3/31/2018 20:00,48
3/31/2018 19:00,66
3/31/2018 18:00,52
3/31/2018 17:00,104
3/31/2018 16:00,96
3/31/2018 15:00,126
3/31/2018 14:00,66
3/31/2018 13:00,50
3/31/2018 12:00,58
3/31/2018 11:00,73
3/31/2018 10:00,-
3/31/2018 9:00,-
3/31/2018 8:00,-
3/31/2018 7:00,-
3/31/2018 6:00,-
3/31/2018 5:00,-
3/31/2018 4:00,-
3/31/2018 3:00,-
3/31/2018 2:00,-
3/31/2018 1:00,-
3/31/2018 0:00,-
3/30/2018 23:00,-
3/30/2018 22:00,-
3/30/2018 21:00,-
3/30/2018 20:00,-
3/30/2018 19:00,-
3/30/2018 18:00,-
3/30/2018 17:00,-
3/30/2018 16:00,-
3/30/2018 15:00,-
3/30/2018 14:00,-
3/30/2018 13:00,-
3/30/2018 12:00,-
3/30/2018 11:00,-
3/30/2018 10:00,-
3/30/2018 9:00,-
3/30/2018 8:00,-
3/30/2018 7:00,-
3/30/2018 6:00,-
3/30/2018 5:00,-
3/30/2018 4:00,109
3/30/2018 3:00,311
3/30/2018 2:00,339
3/30/2018 1:00,320
3/30/2018 0:00,128
3/29/2018 23:00,105
3/29/2018 22:00,97
3/29/2018 21:00,146
3/29/2018 20:00,95
3/29/2018 19:00,63
3/29/2018 18:00,43
3/29/2018 17:00,42
3/29/2018 16:00,47
3/29/2018 15:00,68
3/29/2018 14:00,40
3/29/2018 13:00,27
3/29/2018 12:00,-
3/29/2018 11:00,-
3/29/2018 10:00,-
3/29/2018 9:00,-
3/29/2018 8:00,-
3/29/2018 7:00,-
3/29/2018 6:00,-
3/29/2018 5:00,-
3/29/2018 4:00,130
3/29/2018 3:00,99
3/29/2018 2:00,118
3/29/2018 1:00,151
3/29/2018 0:00,215
3/28/2018 23:00,198
3/28/2018 22:00,148
3/28/2018 21:00,95
3/28/2018 20:00,66
3/28/2018 19:00,73
3/28/2018 18:00,52
3/28/2018 17:00,44
3/28/2018 16:00,46
3/28/2018 15:00,57
3/28/2018 14:00,49
3/28/2018 13:00,39
3/28/2018 12:00,53
3/28/2018 11:00,82
3/28/2018 10:00,154
3/28/2018 9:00,298
3/28/2018 8:00,286
3/28/2018 7:00,312
3/28/2018 6:00,314
3/28/2018 5:00,318
3/28/2018 4:00,303
3/28/2018 3:00,309
3/28/2018 2:00,311
3/28/2018 1:00,310
3/28/2018 0:00,224
3/27/2018 23:00,158
3/27/2018 22:00,110
3/27/2018 21:00,82
3/27/2018 20:00,67
3/27/2018 19:00,50
3/27/2018 18:00,61
3/27/2018 17:00,46
3/27/2018 12:00,-
3/27/2018 11:00,-
3/27/2018 10:00,-
3/27/2018 9:00,-
3/27/2018 8:00,-
3/27/2018 7:00,325
3/27/2018 6:00,291
3/27/2018 5:00,249
3/27/2018 4:00,330
3/27/2018 3:00,345
3/27/2018 2:00,248
3/27/2018 1:00,238
3/27/2018 0:00,252
3/26/2018 23:00,184
3/26/2018 22:00,129
3/26/2018 21:00,116
3/26/2018 20:00,57
3/26/2018 19:00,64
3/26/2018 18:00,55
3/26/2018 17:00,48
3/26/2018 16:00,46
3/26/2018 15:00,59
3/26/2018 14:00,66
3/26/2018 13:00,61
3/26/2018 12:00,53
3/26/2018 11:00,92
3/26/2018 10:00,149
3/26/2018 9:00,128
3/26/2018 8:00,229
3/26/2018 7:00,323
3/26/2018 6:00,311
3/26/2018 5:00,185
3/26/2018 4:00,188
3/26/2018 3:00,148
3/26/2018 2:00,147
3/26/2018 1:00,108
3/26/2018 0:00,90
3/25/2018 23:00,78
3/25/2018 22:00,77
3/25/2018 21:00,52
3/25/2018 20:00,53
3/25/2018 19:00,42
3/25/2018 5:00,334
3/25/2018 4:00,243
3/25/2018 3:00,245
3/25/2018 2:00,72
3/25/2018 0:00,69
3/24/2018 23:00,112
3/24/2018 22:00,109
3/24/2018 21:00,65
3/24/2018 20:00,53
3/24/2018 19:00,35
3/24/2018 18:00,30
3/24/2018 17:00,48
3/24/2018 16:00,58
3/24/2018 15:00,64
3/24/2018 14:00,43
3/24/2018 13:00,21
3/24/2018 12:00,6
3/24/2018 11:00,35
3/24/2018 10:00,187
3/24/2018 9:00,297
3/24/2018 8:00,310
3/24/2018 7:00,319
3/24/2018 6:00,144
3/24/2018 5:00,183
3/24/2018 4:00,147
3/24/2018 3:00,46
3/24/2018 2:00,151
3/24/2018 1:00,131
3/24/2018 0:00,143
3/23/2018 23:00,149
3/23/2018 22:00,84
3/23/2018 21:00,53
3/23/2018 20:00,40
3/23/2018 19:00,45
3/23/2018 18:00,48
3/23/2018 17:00,43
3/23/2018 16:00,52
3/23/2018 15:00,51
3/23/2018 14:00,35
3/23/2018 13:00,23
3/23/2018 12:00,7
3/23/2018 11:00,51
3/23/2018 10:00,138
3/23/2018 9:00,250
3/23/2018 8:00,274
3/23/2018 7:00,247
3/23/2018 6:00,103
3/23/2018 5:00,74
3/23/2018 4:00,86
3/23/2018 3:00,68
3/23/2018 2:00,74
3/23/2018 1:00,89
3/23/2018 0:00,83
3/22/2018 23:00,59
3/22/2018 22:00,46
3/22/2018 21:00,50
3/22/2018 20:00,50
3/22/2018 19:00,81
3/22/2018 18:00,85
3/22/2018 17:00,77
3/22/2018 16:00,68
3/22/2018 15:00,18
3/22/2018 14:00,33
3/22/2018 13:00,73
3/22/2018 12:00,183
3/22/2018 11:00,311
3/22/2018 10:00,340
3/22/2018 9:00,349
3/21/2018 5:00,317
3/21/2018 4:00,320
3/21/2018 3:00,305
3/21/2018 2:00,202
3/21/2018 1:00,183
3/21/2018 0:00,116
3/20/2018 23:00,91
3/20/2018 22:00,90
3/20/2018 21:00,199
3/20/2018 20:00,175
3/20/2018 19:00,68
3/20/2018 18:00,5
3/20/2018 17:00,3
3/20/2018 16:00,96
3/20/2018 15:00,215
3/20/2018 14:00,152
3/20/2018 13:00,71
3/20/2018 12:00,45
3/20/2018 11:00,175
3/20/2018 10:00,272
3/20/2018 9:00,281
3/20/2018 8:00,309
3/20/2018 7:00,322
3/20/2018 6:00,333
3/20/2018 5:00,324
3/20/2018 4:00,304
3/20/2018 3:00,221
3/20/2018 2:00,143
3/20/2018 1:00,78
3/20/2018 0:00,44
3/19/2018 23:00,61
3/19/2018 22:00,136
3/19/2018 21:00,109
3/19/2018 20:00,102
3/19/2018 19:00,45
3/19/2018 18:00,31
3/19/2018 17:00,31
3/19/2018 16:00,74
3/19/2018 15:00,45
3/19/2018 14:00,69
3/19/2018 13:00,70
3/19/2018 12:00,76
3/19/2018 11:00,147
3/19/2018 10:00,378
3/19/2018 9:00,294
3/19/2018 8:00,305
3/19/2018 7:00,313
3/19/2018 6:00,126
3/19/2018 5:00,104
3/19/2018 4:00,130
3/19/2018 3:00,96
3/19/2018 2:00,80
3/19/2018 1:00,71
3/19/2018 0:00,85
3/18/2018 23:00,98
3/18/2018 22:00,83
3/18/2018 21:00,87
3/18/2018 20:00,57
3/18/2018 19:00,31
3/18/2018 18:00,26
3/18/2018 17:00,32
3/18/2018 16:00,45
3/18/2018 15:00,36
3/18/2018 14:00,56
3/18/2018 13:00,66
3/18/2018 12:00,43
3/18/2018 11:00,18
3/18/2018 10:00,50
3/18/2018 9:00,48
3/18/2018 8:00,139
3/18/2018 7:00,288
3/18/2018 6:00,311
3/18/2018 5:00,316
3/18/2018 4:00,304
3/18/2018 3:00,264
3/18/2018 2:00,139
3/18/2018 1:00,85
3/18/2018 0:00,117
3/17/2018 23:00,138
3/17/2018 22:00,112
3/17/2018 21:00,65
3/17/2018 20:00,38
3/17/2018 19:00,43
3/17/2018 18:00,38
3/17/2018 17:00,30
3/17/2018 16:00,36
3/17/2018 15:00,51
3/17/2018 14:00,42
3/17/2018 13:00,36
3/17/2018 12:00,42
3/17/2018 11:00,52
3/17/2018 10:00,53
3/17/2018 9:00,86
3/17/2018 8:00,197
3/17/2018 7:00,310
3/17/2018 6:00,316
3/17/2018 5:00,316
3/17/2018 4:00,310
3/17/2018 3:00,199
3/17/2018 2:00,184
3/17/2018 1:00,85
3/17/2018 0:00,100
3/16/2018 23:00,91
3/16/2018 22:00,82
3/16/2018 21:00,68
3/16/2018 20:00,80
3/16/2018 19:00,49
3/15/2018 13:00,55
3/15/2018 12:00,22
3/15/2018 11:00,28
3/15/2018 10:00,42
3/15/2018 9:00,104
3/15/2018 8:00,107
3/15/2018 7:00,171
3/15/2018 6:00,175
3/15/2018 5:00,338
3/15/2018 4:00,317
3/15/2018 3:00,319
3/15/2018 2:00,306
3/15/2018 1:00,225
3/15/2018 0:00,179
3/14/2018 23:00,174
3/14/2018 22:00,143
3/14/2018 21:00,94
3/14/2018 20:00,71
3/14/2018 19:00,47
3/14/2018 18:00,39
3/14/2018 17:00,50
3/14/2018 16:00,53
3/14/2018 15:00,56
3/14/2018 14:00,79
3/14/2018 13:00,42
3/14/2018 12:00,50
3/14/2018 11:00,46
3/14/2018 10:00,97
3/14/2018 9:00,159
3/14/2018 8:00,181
3/14/2018 7:00,159
3/14/2018 6:00,146
3/14/2018 5:00,277
3/14/2018 4:00,247
3/14/2018 3:00,261
3/14/2018 2:00,236
3/14/2018 1:00,150
3/14/2018 0:00,151
3/13/2018 23:00,99
3/13/2018 22:00,126
3/13/2018 21:00,112
3/13/2018 20:00,65
3/13/2018 19:00,40
3/13/2018 18:00,35
3/13/2018 17:00,32
3/13/2018 16:00,60
3/13/2018 15:00,55
3/13/2018 14:00,43
3/13/2018 13:00,70
3/13/2018 12:00,109
3/13/2018 11:00,100
3/13/2018 10:00,212
3/13/2018 9:00,264
3/13/2018 8:00,281
3/13/2018 7:00,336
3/13/2018 6:00,304
3/13/2018 5:00,338
3/13/2018 4:00,322
3/13/2018 3:00,310
3/13/2018 2:00,161
3/13/2018 1:00,138
3/13/2018 0:00,161
3/12/2018 23:00,211
3/12/2018 22:00,141
3/12/2018 21:00,96
3/12/2018 20:00,65
3/12/2018 19:00,51
3/12/2018 18:00,40
3/12/2018 17:00,32
3/12/2018 16:00,53
3/12/2018 15:00,67
3/12/2018 14:00,65
3/12/2018 13:00,80
3/12/2018 12:00,53
3/12/2018 11:00,36
3/12/2018 10:00,262
3/12/2018 9:00,319
3/12/2018 8:00,317
3/12/2018 7:00,289
3/12/2018 6:00,309
3/12/2018 5:00,319
3/12/2018 4:00,282
3/12/2018 3:00,316
3/12/2018 2:00,262
3/12/2018 1:00,221
3/12/2018 0:00,249
3/11/2018 23:00,186
3/11/2018 22:00,147
3/11/2018 21:00,77
3/11/2018 20:00,54
3/11/2018 19:00,61
3/11/2018 18:00,54
3/11/2018 17:00,44
3/11/2018 16:00,55
3/11/2018 15:00,60
3/11/2018 14:00,82
3/11/2018 13:00,100
3/11/2018 12:00,128
3/11/2018 11:00,122
3/11/2018 10:00,75
3/11/2018 9:00,120
3/11/2018 8:00,153
3/11/2018 7:00,195
3/11/2018 6:00,227
3/11/2018 5:00,240
3/11/2018 4:00,151
3/11/2018 3:00,124
3/11/2018 2:00,85
3/11/2018 1:00,79
3/11/2018 0:00,103
3/10/2018 23:00,114
3/10/2018 22:00,143
3/10/2018 21:00,67
3/10/2018 20:00,67
3/10/2018 19:00,57
3/10/2018 18:00,27
3/10/2018 17:00,28
3/10/2018 16:00,45
3/10/2018 15:00,49
3/10/2018 14:00,41
3/10/2018 13:00,50
3/10/2018 12:00,112
3/10/2018 11:00,105
3/10/2018 10:00,136
3/10/2018 9:00,69
3/10/2018 8:00,89
3/10/2018 7:00,222
3/10/2018 6:00,271
3/10/2018 5:00,171
3/10/2018 4:00,115
3/10/2018 3:00,74
3/10/2018 2:00,134
3/10/2018 1:00,254
3/10/2018 0:00,252
3/9/2018 23:00,181
3/9/2018 22:00,176
3/9/2018 21:00,111
3/9/2018 20:00,71
3/9/2018 19:00,64
3/9/2018 18:00,34
3/9/2018 17:00,39
3/9/2018 16:00,63
3/9/2018 15:00,89
3/9/2018 14:00,64
3/9/2018 13:00,84
3/9/2018 12:00,86
3/9/2018 11:00,256
3/9/2018 10:00,342
3/9/2018 9:00,364
3/9/2018 8:00,340
3/9/2018 7:00,348
3/9/2018 6:00,344
3/9/2018 5:00,335
3/9/2018 4:00,350
3/9/2018 3:00,317
3/9/2018 2:00,304
3/9/2018 1:00,287
3/9/2018 0:00,265
3/8/2018 23:00,156
3/8/2018 22:00,154
3/8/2018 21:00,156
3/8/2018 20:00,97
3/8/2018 19:00,101
3/8/2018 18:00,43
3/8/2018 17:00,66
3/8/2018 16:00,64
3/8/2018 15:00,73
3/8/2018 14:00,61
3/8/2018 13:00,100
3/8/2018 12:00,84
3/8/2018 11:00,-
3/8/2018 10:00,-
3/8/2018 9:00,-
3/8/2018 8:00,-
3/8/2018 7:00,-
3/8/2018 6:00,-
3/8/2018 5:00,-
3/8/2018 4:00,-
3/8/2018 3:00,-
3/8/2018 2:00,-
3/8/2018 1:00,235
3/8/2018 0:00,186
3/7/2018 23:00,162
3/7/2018 22:00,123
3/7/2018 21:00,71
3/7/2018 20:00,62
3/7/2018 19:00,46
3/7/2018 18:00,41
3/7/2018 17:00,30
3/7/2018 16:00,60
3/7/2018 15:00,50
3/7/2018 14:00,40
3/7/2018 13:00,36
3/7/2018 12:00,81
3/7/2018 11:00,60
3/7/2018 10:00,31
3/7/2018 9:00,91
3/7/2018 8:00,198
3/7/2018 7:00,311
3/7/2018 6:00,328
3/7/2018 5:00,315
3/7/2018 4:00,145
3/7/2018 3:00,289
3/7/2018 2:00,235
3/7/2018 1:00,172
3/7/2018 0:00,174
3/6/2018 23:00,287
3/6/2018 22:00,163
3/6/2018 21:00,88
3/6/2018 20:00,50
3/6/2018 19:00,34
3/6/2018 18:00,28
3/6/2018 17:00,34
3/6/2018 16:00,41
3/6/2018 15:00,56
3/6/2018 14:00,51
3/6/2018 13:00,65
3/6/2018 12:00,62
3/6/2018 11:00,72
3/6/2018 10:00,126
3/6/2018 9:00,163
3/6/2018 8:00,88
3/6/2018 7:00,96
3/6/2018 6:00,162
3/6/2018 5:00,182
3/6/2018 4:00,129
3/6/2018 3:00,53
3/6/2018 2:00,66
3/6/2018 1:00,70
3/6/2018 0:00,99
3/5/2018 23:00,129
3/5/2018 22:00,92
3/5/2018 21:00,58
3/5/2018 20:00,41
3/5/2018 19:00,29
3/5/2018 18:00,26
3/5/2018 17:00,47
3/5/2018 16:00,51
3/5/2018 15:00,44
3/5/2018 14:00,46
3/5/2018 13:00,22
3/5/2018 12:00,19
3/5/2018 11:00,40
3/5/2018 10:00,114
3/5/2018 9:00,249
3/5/2018 8:00,216
3/5/2018 7:00,236
3/5/2018 6:00,216
3/5/2018 5:00,143
3/5/2018 4:00,123
3/5/2018 3:00,63
3/5/2018 2:00,95
3/5/2018 1:00,168
3/5/2018 0:00,288
3/4/2018 23:00,232
3/4/2018 22:00,66
3/4/2018 21:00,49
3/4/2018 20:00,46
3/4/2018 19:00,40
3/4/2018 18:00,34
3/4/2018 17:00,43
3/4/2018 16:00,28
3/4/2018 15:00,82
3/4/2018 14:00,189
3/4/2018 13:00,245
3/4/2018 12:00,46
3/4/2018 11:00,73
3/4/2018 10:00,76
3/4/2018 9:00,74
3/4/2018 8:00,89
3/4/2018 7:00,88
3/4/2018 6:00,113
3/4/2018 5:00,128
3/4/2018 4:00,75
3/4/2018 3:00,88
3/4/2018 2:00,309
3/4/2018 1:00,218
3/4/2018 0:00,194
3/3/2018 23:00,121
3/3/2018 22:00,79
3/3/2018 21:00,84
3/3/2018 20:00,69
3/3/2018 19:00,82
3/3/2018 18:00,61
3/3/2018 17:00,51
3/3/2018 16:00,59
3/3/2018 15:00,49
3/3/2018 14:00,42
3/3/2018 13:00,54
3/3/2018 12:00,28
3/3/2018 11:00,134
3/3/2018 10:00,172
3/3/2018 9:00,81
3/3/2018 8:00,232
3/3/2018 7:00,335
3/3/2018 6:00,302
3/3/2018 5:00,177
3/3/2018 4:00,266
3/3/2018 3:00,231
3/3/2018 2:00,301
3/3/2018 1:00,312
3/3/2018 0:00,228
3/2/2018 23:00,139
3/2/2018 22:00,163
3/2/2018 21:00,102
3/2/2018 20:00,75
3/2/2018 19:00,65
3/2/2018 18:00,49
3/2/2018 17:00,59
3/2/2018 16:00,71
3/2/2018 15:00,80
3/2/2018 14:00,150
3/2/2018 13:00,320
3/2/2018 12:00,171
3/2/2018 11:00,196
3/2/2018 10:00,222
3/2/2018 9:00,289
3/2/2018 8:00,311
3/2/2018 7:00,319
3/2/2018 6:00,241
3/2/2018 5:00,245
3/2/2018 4:00,308
3/2/2018 3:00,325
3/2/2018 2:00,328
3/2/2018 1:00,312
3/2/2018 0:00,251
3/1/2018 23:00,195
3/1/2018 22:00,117
3/1/2018 21:00,63
3/1/2018 20:00,53
3/1/2018 19:00,41
3/1/2018 18:00,35
3/1/2018 17:00,49
3/1/2018 16:00,90
3/1/2018 15:00,51
3/1/2018 14:00,95
3/1/2018 13:00,50
3/1/2018 12:00,28
3/1/2018 11:00,229
3/1/2018 10:00,317
3/1/2018 9:00,370
3/1/2018 8:00,354
3/1/2018 7:00,357
3/1/2018 6:00,333
3/1/2018 5:00,303
3/1/2018 4:00,309
3/1/2018 3:00,283
3/1/2018 2:00,277
3/1/2018 1:00,249
3/1/2018 0:00,149
2/28/2018 23:00,152
2/28/2018 22:00,171
2/28/2018 21:00,117
2/28/2018 20:00,126
2/28/2018 19:00,94
2/28/2018 18:00,92
2/28/2018 17:00,136
2/28/2018 16:00,97
2/28/2018 15:00,112
2/28/2018 14:00,96
2/28/2018 13:00,67
2/28/2018 12:00,37
2/28/2018 11:00,78
2/28/2018 10:00,208
2/28/2018 9:00,284
2/28/2018 8:00,349
2/28/2018 7:00,356
2/28/2018 6:00,355
2/28/2018 5:00,344
2/28/2018 4:00,362
2/28/2018 3:00,347
2/28/2018 2:00,317
2/28/2018 1:00,235
2/28/2018 0:00,270
2/27/2018 23:00,261
2/27/2018 22:00,188
2/27/2018 21:00,108
2/27/2018 20:00,84
2/27/2018 19:00,72
2/27/2018 18:00,91
2/27/2018 17:00,75
2/27/2018 16:00,82
2/27/2018 15:00,77
2/27/2018 14:00,56
2/27/2018 13:00,59
2/27/2018 12:00,28
2/27/2018 11:00,58
2/27/2018 10:00,162
2/27/2018 9:00,285
2/27/2018 8:00,162
2/27/2018 7:00,121
2/27/2018 6:00,42
2/27/2018 5:00,114
2/27/2018 4:00,197
2/27/2018 3:00,109
2/27/2018 2:00,72
2/27/2018 1:00,47
2/27/2018 0:00,52
2/26/2018 23:00,96
2/26/2018 22:00,131
2/26/2018 21:00,64
2/26/2018 20:00,40
2/26/2018 19:00,50
2/26/2018 18:00,30
2/26/2018 17:00,47
2/26/2018 16:00,63
2/26/2018 15:00,65
2/26/2018 14:00,43
2/26/2018 13:00,10
2/26/2018 12:00,2
2/26/2018 11:00,29
2/26/2018 10:00,220
2/26/2018 9:00,173
2/26/2018 8:00,162
2/26/2018 7:00,271
2/26/2018 6:00,309
2/26/2018 5:00,250
2/26/2018 4:00,86
2/26/2018 3:00,50
2/26/2018 2:00,59
2/26/2018 1:00,73
2/26/2018 0:00,71
2/25/2018 23:00,83
2/25/2018 22:00,86
2/25/2018 21:00,74
2/25/2018 20:00,63
2/25/2018 19:00,62
2/25/2018 18:00,64
2/25/2018 17:00,66
2/25/2018 16:00,108
2/25/2018 15:00,101
2/25/2018 14:00,110
2/25/2018 13:00,153
2/25/2018 12:00,169
2/25/2018 11:00,253
2/25/2018 10:00,148
2/25/2018 9:00,91
2/25/2018 8:00,193
2/25/2018 7:00,333
2/25/2018 6:00,320
2/25/2018 5:00,342
2/25/2018 4:00,346
2/25/2018 3:00,359
2/25/2018 2:00,326
2/25/2018 1:00,325
2/25/2018 0:00,316
2/24/2018 23:00,316
2/24/2018 22:00,312
2/24/2018 21:00,307
2/24/2018 20:00,288
2/24/2018 19:00,261
2/24/2018 18:00,131
2/24/2018 17:00,187
2/24/2018 16:00,156
2/24/2018 15:00,100
2/24/2018 14:00,143
2/24/2018 13:00,132
2/24/2018 12:00,90
2/24/2018 11:00,128
2/24/2018 10:00,236
2/24/2018 9:00,328
2/24/2018 8:00,344
2/24/2018 7:00,351
2/24/2018 6:00,322
2/24/2018 5:00,309
2/24/2018 4:00,305
2/24/2018 3:00,312
2/24/2018 2:00,308
2/24/2018 1:00,315
2/24/2018 0:00,312
2/23/2018 23:00,315
2/23/2018 22:00,244
2/23/2018 21:00,206
2/23/2018 20:00,175
2/23/2018 19:00,149
2/23/2018 18:00,112
2/23/2018 17:00,151
2/23/2018 16:00,171
2/23/2018 15:00,202
2/23/2018 14:00,258
2/23/2018 13:00,208
2/23/2018 12:00,175
2/23/2018 11:00,301
2/23/2018 10:00,337
2/23/2018 9:00,342
2/23/2018 8:00,318
2/23/2018 7:00,316
2/23/2018 6:00,240
2/23/2018 5:00,222
2/23/2018 4:00,150
2/23/2018 3:00,267
2/23/2018 2:00,239
2/23/2018 1:00,223
2/23/2018 0:00,196
2/22/2018 23:00,137
2/22/2018 22:00,205
2/22/2018 21:00,218
2/22/2018 20:00,128
2/22/2018 19:00,83
2/22/2018 18:00,88
2/22/2018 17:00,53
2/22/2018 16:00,36
2/22/2018 15:00,-
2/22/2018 14:00,40
2/22/2018 13:00,32
2/22/2018 12:00,66
2/22/2018 11:00,273
2/22/2018 10:00,387
2/22/2018 9:00,404
2/22/2018 8:00,357
2/22/2018 7:00,369
2/22/2018 6:00,402
2/22/2018 5:00,414
2/22/2018 4:00,372
2/22/2018 3:00,330
2/22/2018 2:00,297
2/22/2018 1:00,319
2/22/2018 0:00,318
2/21/2018 23:00,329
2/21/2018 22:00,327
2/21/2018 21:00,327
2/21/2018 20:00,163
2/21/2018 19:00,94
2/21/2018 18:00,93
2/21/2018 17:00,110
2/21/2018 16:00,127
2/21/2018 15:00,121
2/21/2018 14:00,54
2/21/2018 13:00,65
2/21/2018 12:00,132
2/21/2018 11:00,168
2/21/2018 10:00,249
2/21/2018 9:00,303
2/21/2018 8:00,335
2/21/2018 7:00,377
2/21/2018 6:00,338
2/21/2018 5:00,334
2/21/2018 4:00,321
2/21/2018 3:00,323
2/21/2018 2:00,345
2/21/2018 1:00,371
2/21/2018 0:00,343
2/20/2018 23:00,284
2/20/2018 22:00,171
2/20/2018 21:00,147
2/20/2018 20:00,137
2/20/2018 19:00,79
2/20/2018 18:00,58
2/20/2018 17:00,46
2/20/2018 16:00,71
2/20/2018 15:00,94
2/20/2018 14:00,127
2/20/2018 13:00,104
2/20/2018 12:00,90
2/20/2018 11:00,163
2/20/2018 10:00,293
2/20/2018 9:00,211
2/20/2018 8:00,240
2/20/2018 7:00,333
2/20/2018 6:00,348
2/20/2018 5:00,360
2/20/2018 4:00,373
2/20/2018 3:00,340
2/20/2018 2:00,365
2/20/2018 1:00,366
2/20/2018 0:00,358
2/19/2018 23:00,314
2/19/2018 22:00,289
2/19/2018 21:00,189
2/19/2018 20:00,152
2/19/2018 15:00,74
2/19/2018 14:00,80
2/19/2018 13:00,59
2/19/2018 12:00,49
2/19/2018 11:00,139
2/19/2018 10:00,217
2/19/2018 9:00,306
2/19/2018 8:00,337
2/19/2018 7:00,385
2/19/2018 6:00,332
2/19/2018 5:00,334
2/19/2018 4:00,346
2/19/2018 3:00,362
2/19/2018 2:00,382
2/19/2018 1:00,314
2/19/2018 0:00,239
2/18/2018 23:00,235
2/18/2018 22:00,194
2/18/2018 21:00,137
2/18/2018 20:00,95
2/18/2018 19:00,76
2/18/2018 18:00,28
2/18/2018 17:00,26
2/18/2018 16:00,94
2/18/2018 15:00,77
2/18/2018 14:00,45
2/18/2018 13:00,16
2/18/2018 12:00,149
2/18/2018 11:00,306
2/18/2018 10:00,184
2/18/2018 9:00,29
2/18/2018 8:00,5
2/18/2018 7:00,-
2/18/2018 6:00,358
2/18/2018 4:00,363
2/18/2018 3:00,384
2/18/2018 2:00,323
2/18/2018 1:00,282
2/18/2018 0:00,226
2/17/2018 23:00,257
2/17/2018 22:00,228
2/17/2018 21:00,150
2/17/2018 20:00,107
2/17/2018 19:00,126
2/17/2018 18:00,100
2/17/2018 17:00,65
2/17/2018 16:00,70
2/17/2018 15:00,87
2/17/2018 14:00,95
2/17/2018 13:00,118
2/17/2018 12:00,196
2/17/2018 11:00,134
2/17/2018 10:00,115
2/17/2018 9:00,106
2/17/2018 8:00,170
2/17/2018 7:00,244
2/17/2018 6:00,180
2/17/2018 5:00,241
2/17/2018 4:00,301
2/17/2018 3:00,334
2/17/2018 2:00,325
2/17/2018 1:00,234
2/17/2018 0:00,209
2/16/2018 23:00,247
2/16/2018 22:00,274
2/16/2018 21:00,192
2/16/2018 20:00,131
2/16/2018 19:00,118
2/16/2018 18:00,98
2/16/2018 17:00,94
2/16/2018 16:00,74
2/16/2018 15:00,117
2/16/2018 14:00,108
2/16/2018 13:00,93
2/16/2018 12:00,63
2/16/2018 11:00,44
2/16/2018 10:00,28
2/16/2018 9:00,248
2/16/2018 8:00,335
2/16/2018 7:00,344
2/16/2018 6:00,320
2/16/2018 5:00,308
2/16/2018 4:00,308
2/16/2018 3:00,242
2/16/2018 2:00,278
2/16/2018 1:00,206
2/16/2018 0:00,177
2/15/2018 23:00,182
2/15/2018 22:00,163
2/15/2018 21:00,83
2/15/2018 20:00,87
2/15/2018 19:00,75
2/15/2018 18:00,63
2/15/2018 17:00,71
2/15/2018 16:00,78
2/15/2018 15:00,89
2/15/2018 14:00,93
2/15/2018 12:00,-
2/15/2018 11:00,48
2/15/2018 10:00,256
2/15/2018 9:00,302
2/15/2018 8:00,311
2/15/2018 7:00,335
2/15/2018 6:00,314
2/15/2018 5:00,313
2/15/2018 4:00,213
2/15/2018 3:00,192
2/15/2018 2:00,136
2/15/2018 1:00,198
2/15/2018 0:00,208
2/14/2018 23:00,93
2/14/2018 22:00,96
2/14/2018 21:00,68
2/14/2018 20:00,69
2/14/2018 19:00,61
2/14/2018 18:00,44
2/14/2018 17:00,18
2/14/2018 16:00,24
2/14/2018 15:00,27
2/14/2018 14:00,5
2/14/2018 13:00,-
2/14/2018 12:00,11
2/14/2018 11:00,196
2/14/2018 10:00,295
2/14/2018 9:00,293
2/14/2018 8:00,313
2/14/2018 7:00,247
2/14/2018 6:00,95
2/14/2018 5:00,44
2/14/2018 4:00,71
2/14/2018 3:00,113
2/14/2018 2:00,88
2/14/2018 1:00,88
2/14/2018 0:00,93
2/13/2018 23:00,114
2/13/2018 22:00,136
2/13/2018 21:00,170
2/13/2018 20:00,169
2/13/2018 19:00,143
2/13/2018 18:00,117
2/13/2018 17:00,149
2/13/2018 16:00,176
2/13/2018 15:00,277
2/13/2018 13:00,132
2/13/2018 12:00,98
2/13/2018 11:00,79
2/13/2018 10:00,92
2/13/2018 9:00,136
2/13/2018 8:00,226
2/13/2018 7:00,151
2/13/2018 6:00,105
2/13/2018 5:00,74
2/13/2018 4:00,71
2/13/2018 3:00,71
2/13/2018 2:00,77
2/13/2018 1:00,81
2/13/2018 0:00,69
2/12/2018 23:00,63
2/12/2018 22:00,58
2/12/2018 21:00,61
2/12/2018 20:00,88
2/12/2018 19:00,73
2/12/2018 18:00,64
2/12/2018 17:00,77
2/12/2018 16:00,84
2/12/2018 15:00,114
2/12/2018 14:00,125
2/12/2018 13:00,148
2/12/2018 12:00,90
2/12/2018 11:00,80
2/12/2018 10:00,87
2/12/2018 9:00,88
2/12/2018 8:00,113
2/12/2018 7:00,137
2/12/2018 6:00,105
2/12/2018 5:00,50
2/12/2018 4:00,51
2/12/2018 3:00,67
2/11/2018 19:00,76
2/11/2018 18:00,56
2/11/2018 17:00,47
2/11/2018 16:00,74
2/11/2018 15:00,94
2/11/2018 14:00,119
2/11/2018 13:00,95
2/11/2018 12:00,132
2/11/2018 11:00,89
2/11/2018 10:00,163
2/11/2018 9:00,298
2/11/2018 8:00,302
2/11/2018 7:00,200
2/11/2018 6:00,213
2/11/2018 5:00,307
2/11/2018 4:00,336
2/11/2018 3:00,311
2/11/2018 2:00,303
2/11/2018 1:00,289
2/11/2018 0:00,277
2/10/2018 23:00,313
2/10/2018 22:00,321
2/10/2018 21:00,310
2/10/2018 18:00,105
2/10/2018 17:00,237
2/10/2018 16:00,135
2/10/2018 15:00,150
2/10/2018 14:00,153
2/10/2018 13:00,117
2/10/2018 12:00,210
2/10/2018 11:00,306
2/10/2018 10:00,354
2/10/2018 9:00,368
2/10/2018 8:00,390
2/10/2018 7:00,405
2/10/2018 6:00,384
2/10/2018 5:00,361
2/10/2018 4:00,337
2/10/2018 3:00,316
2/10/2018 2:00,310
2/10/2018 1:00,307
2/10/2018 0:00,321
2/9/2018 23:00,360
2/9/2018 22:00,350
2/9/2018 21:00,295
2/9/2018 20:00,180
2/9/2018 19:00,105
2/9/2018 18:00,70
2/9/2018 17:00,66
2/9/2018 16:00,66
2/9/2018 15:00,77
2/9/2018 14:00,95
2/9/2018 13:00,56
2/9/2018 12:00,318
2/9/2018 11:00,346
2/9/2018 10:00,344
2/9/2018 9:00,338
2/9/2018 8:00,364
2/9/2018 7:00,360
2/9/2018 6:00,396
2/9/2018 5:00,372
2/9/2018 4:00,366
2/9/2018 3:00,333
2/9/2018 2:00,337
2/9/2018 1:00,330
2/9/2018 0:00,326
2/8/2018 23:00,331
2/8/2018 22:00,312
2/8/2018 21:00,225
2/8/2018 20:00,171
2/8/2018 19:00,143
2/8/2018 18:00,77
2/8/2018 17:00,38
2/8/2018 16:00,47
2/8/2018 15:00,47
2/8/2018 14:00,70
2/8/2018 13:00,117
2/8/2018 12:00,267
2/8/2018 11:00,346
2/8/2018 10:00,359
2/8/2018 9:00,353
2/8/2018 8:00,351
2/8/2018 7:00,401
2/8/2018 6:00,365
2/8/2018 5:00,330
2/8/2018 4:00,354
2/8/2018 3:00,357
2/8/2018 2:00,353
2/8/2018 1:00,351
2/8/2018 0:00,341
2/7/2018 23:00,335
2/7/2018 22:00,232
2/7/2018 21:00,147
2/7/2018 20:00,84
2/7/2018 19:00,87
2/7/2018 18:00,59
2/7/2018 17:00,57
2/7/2018 16:00,76
2/7/2018 15:00,47
2/7/2018 14:00,68
2/7/2018 13:00,82
2/7/2018 12:00,142
2/7/2018 11:00,248
2/7/2018 10:00,258
2/7/2018 9:00,271
2/7/2018 8:00,316
2/7/2018 7:00,332
2/7/2018 6:00,241
2/7/2018 5:00,189
2/7/2018 4:00,272
2/7/2018 3:00,324
2/7/2018 2:00,359
2/7/2018 1:00,363
2/7/2018 0:00,311
2/6/2018 23:00,171
2/6/2018 22:00,152
2/6/2018 21:00,97
2/6/2018 20:00,125
2/6/2018 19:00,94
2/6/2018 18:00,67
2/6/2018 17:00,30
2/6/2018 16:00,36
2/6/2018 15:00,53
2/6/2018 14:00,78
2/6/2018 13:00,114
2/6/2018 12:00,80
2/6/2018 11:00,171
2/6/2018 10:00,305
2/6/2018 9:00,302
2/6/2018 8:00,327
2/6/2018 7:00,345
2/6/2018 6:00,201
2/6/2018 5:00,343
2/6/2018 4:00,332
2/6/2018 3:00,334
2/6/2018 2:00,326
2/6/2018 1:00,324
2/6/2018 0:00,324
2/5/2018 23:00,347
2/5/2018 22:00,322
2/5/2018 21:00,316
2/5/2018 20:00,141
2/5/2018 19:00,60
2/5/2018 18:00,37
2/5/2018 17:00,7
2/5/2018 16:00,49
2/5/2018 15:00,24
2/5/2018 14:00,52
2/5/2018 13:00,90
2/5/2018 12:00,219
2/5/2018 11:00,304
2/5/2018 10:00,317
2/5/2018 9:00,341
2/5/2018 8:00,337
2/5/2018 7:00,366
2/5/2018 6:00,315
2/5/2018 5:00,312
2/5/2018 4:00,337
2/5/2018 3:00,330
2/5/2018 2:00,320
2/5/2018 1:00,214
2/5/2018 0:00,312
2/4/2018 23:00,321
2/4/2018 22:00,327
2/4/2018 21:00,233
2/4/2018 20:00,100
2/4/2018 19:00,59
2/4/2018 18:00,36
2/4/2018 17:00,33
2/4/2018 16:00,49
2/4/2018 15:00,36
2/4/2018 14:00,13
2/4/2018 13:00,4
2/4/2018 12:00,145
2/4/2018 11:00,323
2/4/2018 10:00,340
2/4/2018 9:00,303
2/4/2018 8:00,346
2/4/2018 7:00,384
2/4/2018 6:00,308
2/4/2018 5:00,302
2/4/2018 4:00,271
2/4/2018 3:00,279
2/4/2018 2:00,198
2/4/2018 1:00,301
2/4/2018 0:00,329
2/3/2018 23:00,318
2/3/2018 22:00,218
2/3/2018 21:00,179
2/3/2018 20:00,61
2/3/2018 19:00,43
2/3/2018 18:00,40
2/3/2018 17:00,52
2/3/2018 16:00,53
2/3/2018 15:00,22
2/3/2018 14:00,20
2/3/2018 13:00,27
2/3/2018 12:00,233
2/3/2018 11:00,326
2/3/2018 10:00,350
2/3/2018 9:00,327
2/3/2018 8:00,323
2/3/2018 7:00,312
2/3/2018 6:00,190
2/3/2018 5:00,175
2/3/2018 4:00,149
2/3/2018 3:00,128
2/3/2018 2:00,248
2/3/2018 1:00,171
2/3/2018 0:00,284
2/2/2018 23:00,307
2/2/2018 22:00,314
2/2/2018 21:00,189
2/2/2018 20:00,98
2/2/2018 19:00,77
2/2/2018 18:00,71
2/2/2018 17:00,49
2/2/2018 16:00,46
2/2/2018 15:00,5
2/2/2018 14:00,8
2/2/2018 13:00,20
2/2/2018 12:00,16
2/2/2018 11:00,264
2/2/2018 10:00,383
2/2/2018 9:00,368
2/2/2018 8:00,374
2/2/2018 7:00,355
2/2/2018 6:00,328
2/2/2018 5:00,320
2/2/2018 4:00,318
2/2/2018 3:00,182
2/2/2018 2:00,234
2/2/2018 1:00,292
2/2/2018 0:00,363
2/1/2018 23:00,383
2/1/2018 22:00,326
2/1/2018 21:00,199
2/1/2018 20:00,135
2/1/2018 19:00,114
2/1/2018 18:00,80
2/1/2018 17:00,83
2/1/2018 16:00,59
2/1/2018 15:00,67
2/1/2018 14:00,69
2/1/2018 13:00,130
2/1/2018 12:00,245
2/1/2018 11:00,328
2/1/2018 10:00,341
2/1/2018 9:00,233
2/1/2018 8:00,210
2/1/2018 7:00,304
2/1/2018 6:00,153
2/1/2018 5:00,93
2/1/2018 4:00,185
2/1/2018 3:00,89
2/1/2018 2:00,266
2/1/2018 1:00,316
2/1/2018 0:00,385
1/31/2018 23:00,372
1/31/2018 22:00,367
1/31/2018 21:00,315
1/31/2018 20:00,279
1/31/2018 19:00,162
1/31/2018 18:00,102
1/31/2018 17:00,88
1/31/2018 16:00,102
1/31/2018 15:00,81
1/31/2018 14:00,86
1/31/2018 13:00,95
1/31/2018 12:00,154
1/31/2018 11:00,290
1/31/2018 10:00,298
1/31/2018 9:00,310
1/31/2018 8:00,315
1/31/2018 7:00,344
1/31/2018 6:00,341
1/31/2018 5:00,304
1/31/2018 4:00,332
1/31/2018 3:00,332
1/31/2018 2:00,283
1/31/2018 1:00,223
1/31/2018 0:00,188
1/30/2018 23:00,153
1/30/2018 22:00,115
1/30/2018 21:00,190
1/30/2018 20:00,184
1/30/2018 19:00,95
1/30/2018 18:00,66
1/30/2018 17:00,51
1/30/2018 16:00,55
1/30/2018 15:00,58
1/30/2018 14:00,42
1/30/2018 13:00,73
1/30/2018 12:00,93
1/30/2018 11:00,92
1/30/2018 10:00,147
1/30/2018 9:00,307
1/30/2018 8:00,358
1/30/2018 7:00,385
1/30/2018 6:00,371
1/30/2018 5:00,345
1/30/2018 4:00,358
1/30/2018 1:00,310
1/30/2018 0:00,338
1/29/2018 23:00,356
1/29/2018 22:00,318
1/29/2018 21:00,311
1/29/2018 20:00,151
1/29/2018 19:00,74
1/29/2018 18:00,68
1/29/2018 17:00,70
1/29/2018 16:00,151
1/29/2018 15:00,134
1/29/2018 14:00,149
1/29/2018 13:00,219
1/29/2018 12:00,223
1/29/2018 11:00,113
1/29/2018 10:00,83
1/29/2018 9:00,99
1/29/2018 8:00,222
1/29/2018 7:00,394
1/29/2018 6:00,373
1/29/2018 5:00,379
1/29/2018 4:00,346
1/29/2018 3:00,357
1/29/2018 2:00,381
1/29/2018 1:00,386
1/29/2018 0:00,405
1/28/2018 23:00,406
1/28/2018 22:00,365
1/28/2018 21:00,328
1/28/2018 20:00,301
1/28/2018 19:00,193
1/28/2018 18:00,82
1/28/2018 17:00,89
1/28/2018 16:00,196
1/28/2018 15:00,223
1/28/2018 14:00,310
1/28/2018 13:00,326
1/28/2018 12:00,309
1/28/2018 11:00,168
1/28/2018 10:00,91
1/28/2018 9:00,77
1/28/2018 8:00,100
1/28/2018 7:00,192
1/28/2018 6:00,147
1/28/2018 5:00,173
1/28/2018 4:00,326
1/28/2018 3:00,406
1/28/2018 2:00,432
1/28/2018 1:00,419
1/28/2018 0:00,395
1/27/2018 23:00,403
1/27/2018 22:00,322
1/27/2018 21:00,301
1/27/2018 20:00,308
1/27/2018 19:00,320
1/27/2018 18:00,225
1/27/2018 17:00,169
1/27/2018 16:00,322
1/27/2018 15:00,380
1/27/2018 14:00,362
1/27/2018 13:00,350
1/27/2018 12:00,344
1/27/2018 11:00,186
1/27/2018 10:00,-
1/27/2018 9:00,-
1/27/2018 8:00,-
1/27/2018 7:00,-
1/27/2018 6:00,-
1/27/2018 5:00,-
1/27/2018 4:00,-
1/27/2018 3:00,-
1/27/2018 2:00,-
1/27/2018 1:00,-
1/27/2018 0:00,-
1/26/2018 23:00,-
1/26/2018 22:00,-
1/26/2018 21:00,-
1/26/2018 20:00,-
1/26/2018 19:00,-
1/26/2018 18:00,-
1/26/2018 17:00,-
1/26/2018 16:00,-
1/26/2018 15:00,-
1/23/2018 12:00,300
1/23/2018 11:00,305
1/23/2018 10:00,321
1/23/2018 9:00,315
1/23/2018 8:00,306
1/23/2018 7:00,316
1/23/2018 6:00,323
1/23/2018 5:00,332
1/23/2018 4:00,325
1/23/2018 3:00,318
1/23/2018 2:00,315
1/23/2018 1:00,313
1/23/2018 0:00,325
1/22/2018 23:00,339
1/22/2018 22:00,347
1/22/2018 21:00,342
1/22/2018 20:00,350
1/22/2018 19:00,311
1/22/2018 18:00,311
1/22/2018 17:00,295
1/22/2018 16:00,242
1/22/2018 15:00,131
1/22/2018 14:00,216
1/22/2018 13:00,182
1/22/2018 12:00,209
1/22/2018 11:00,147
1/22/2018 10:00,351
1/22/2018 9:00,418
1/22/2018 8:00,397
1/22/2018 7:00,414
1/22/2018 6:00,342
1/22/2018 5:00,291
1/22/2018 4:00,317
1/22/2018 3:00,340
1/22/2018 2:00,328
1/22/2018 1:00,336
1/22/2018 0:00,362
1/21/2018 23:00,353
1/21/2018 22:00,309
1/21/2018 21:00,267
1/21/2018 20:00,143
1/21/2018 19:00,85
1/21/2018 18:00,61
1/21/2018 17:00,56
1/21/2018 16:00,78
1/21/2018 15:00,62
1/21/2018 14:00,82
1/21/2018 13:00,126
1/21/2018 12:00,241
1/21/2018 11:00,329
1/21/2018 10:00,329
1/21/2018 9:00,322
1/21/2018 8:00,332
1/21/2018 7:00,339
1/21/2018 6:00,327
1/21/2018 5:00,328
1/21/2018 4:00,330
1/21/2018 3:00,351
1/21/2018 2:00,375
1/21/2018 1:00,331
1/21/2018 0:00,352
1/20/2018 23:00,339
1/20/2018 22:00,338
1/20/2018 21:00,311
1/20/2018 20:00,175
1/20/2018 19:00,126
1/20/2018 18:00,83
1/20/2018 17:00,69
1/20/2018 16:00,70
1/20/2018 15:00,59
1/20/2018 14:00,52
1/20/2018 13:00,83
1/20/2018 12:00,150
1/20/2018 11:00,306
1/20/2018 10:00,325
1/20/2018 9:00,327
1/20/2018 8:00,345
1/20/2018 7:00,390
1/20/2018 6:00,382
1/20/2018 5:00,355
1/20/2018 4:00,410
1/20/2018 3:00,416
1/20/2018 2:00,367
1/20/2018 1:00,356
1/20/2018 0:00,415
1/19/2018 23:00,435
1/19/2018 22:00,455
1/19/2018 21:00,418
1/19/2018 20:00,361
1/19/2018 19:00,246
1/19/2018 18:00,267
1/19/2018 17:00,286
1/19/2018 16:00,321
1/19/2018 15:00,321
1/19/2018 14:00,310
1/19/2018 13:00,330
1/19/2018 12:00,351
1/19/2018 11:00,365
1/19/2018 10:00,362
1/19/2018 9:00,413
1/19/2018 8:00,446
1/19/2018 7:00,471
1/19/2018 6:00,409
1/19/2018 5:00,402
1/19/2018 4:00,433
1/19/2018 3:00,412
1/19/2018 2:00,440
1/19/2018 1:00,443
1/19/2018 0:00,478
1/18/2018 23:00,486
1/18/2018 22:00,410
1/18/2018 21:00,382
1/18/2018 20:00,334
1/18/2018 19:00,326
1/18/2018 18:00,317
1/18/2018 17:00,238
1/18/2018 16:00,262
1/18/2018 15:00,198
1/18/2018 14:00,220
1/18/2018 13:00,180
1/18/2018 12:00,313
1/18/2018 11:00,388
1/18/2018 10:00,413
1/18/2018 9:00,368
1/18/2018 8:00,386
1/18/2018 7:00,398
1/18/2018 6:00,380
1/18/2018 5:00,398
1/18/2018 4:00,400
1/18/2018 3:00,419
1/18/2018 2:00,423
1/18/2018 1:00,398
1/18/2018 0:00,389
1/17/2018 23:00,375
1/17/2018 22:00,383
1/17/2018 21:00,378
1/17/2018 20:00,369
1/17/2018 19:00,330
1/17/2018 18:00,308
1/17/2018 17:00,189
1/17/2018 16:00,288
1/17/2018 15:00,310
1/17/2018 14:00,311
1/17/2018 13:00,334
1/17/2018 12:00,368
1/17/2018 11:00,346
1/17/2018 10:00,357
1/17/2018 9:00,349
1/17/2018 8:00,365
1/17/2018 7:00,384
1/17/2018 6:00,393
1/17/2018 5:00,335
1/17/2018 4:00,363
1/17/2018 3:00,367
1/17/2018 2:00,317
1/17/2018 1:00,374
1/17/2018 0:00,389
1/16/2018 23:00,411
1/16/2018 22:00,325
1/16/2018 21:00,307
1/16/2018 20:00,263
1/16/2018 19:00,136
1/16/2018 18:00,98
1/16/2018 17:00,85
1/16/2018 16:00,104
1/16/2018 15:00,101
1/16/2018 14:00,90
1/16/2018 13:00,165
1/16/2018 12:00,265
1/16/2018 11:00,224
1/16/2018 10:00,134
1/16/2018 9:00,94
1/16/2018 8:00,114
1/16/2018 7:00,264
1/16/2018 6:00,259
1/16/2018 5:00,180
1/16/2018 4:00,143
1/16/2018 3:00,226
1/16/2018 2:00,195
1/16/2018 1:00,293
1/16/2018 0:00,352
1/15/2018 23:00,319
1/15/2018 22:00,262
1/15/2018 21:00,266
1/15/2018 20:00,311
1/15/2018 19:00,305
1/15/2018 18:00,230
1/15/2018 17:00,57
1/15/2018 16:00,54
1/15/2018 15:00,30
1/15/2018 14:00,14
1/15/2018 13:00,82
1/15/2018 12:00,159
1/15/2018 11:00,317
1/15/2018 10:00,331
1/15/2018 9:00,330
1/15/2018 8:00,317
1/15/2018 7:00,295
1/15/2018 6:00,359
1/15/2018 5:00,430
1/15/2018 4:00,373
1/15/2018 3:00,347
1/15/2018 2:00,390
1/15/2018 1:00,405
1/15/2018 0:00,401
1/14/2018 23:00,394
1/14/2018 22:00,335
1/14/2018 21:00,303
1/14/2018 20:00,202
1/14/2018 19:00,163
1/14/2018 18:00,87
1/14/2018 17:00,75
1/14/2018 16:00,86
1/14/2018 15:00,104
1/14/2018 14:00,106
1/14/2018 13:00,162
1/14/2018 12:00,188
1/14/2018 11:00,304
1/14/2018 10:00,315
1/14/2018 9:00,261
1/14/2018 8:00,245
1/14/2018 7:00,293
1/14/2018 6:00,166
1/14/2018 5:00,325
1/14/2018 4:00,410
1/14/2018 3:00,433
1/14/2018 2:00,452
1/14/2018 1:00,399
1/14/2018 0:00,405
1/13/2018 23:00,413
1/13/2018 22:00,365
1/13/2018 21:00,316
1/13/2018 20:00,194
1/13/2018 19:00,145
1/13/2018 18:00,97
1/13/2018 17:00,140
1/13/2018 16:00,272
1/13/2018 15:00,124
1/13/2018 14:00,175
1/13/2018 13:00,189
1/13/2018 12:00,318
1/13/2018 11:00,350
1/13/2018 10:00,335
1/13/2018 9:00,381
1/13/2018 8:00,400
1/13/2018 7:00,395
1/13/2018 6:00,355
1/13/2018 5:00,352
1/13/2018 4:00,353
1/13/2018 3:00,392
1/13/2018 2:00,425
1/13/2018 1:00,390
1/13/2018 0:00,384
1/12/2018 23:00,399
1/12/2018 22:00,402
1/12/2018 21:00,317
1/12/2018 20:00,215
1/12/2018 19:00,207
1/12/2018 18:00,151
1/12/2018 17:00,67
1/12/2018 16:00,164
1/12/2018 15:00,139
1/12/2018 14:00,230
1/12/2018 13:00,240
1/12/2018 12:00,280
1/12/2018 11:00,236
1/12/2018 10:00,256
1/12/2018 9:00,223
1/12/2018 8:00,254
1/12/2018 7:00,322
1/12/2018 6:00,256
1/12/2018 5:00,242
1/12/2018 4:00,328
1/12/2018 3:00,340
1/12/2018 2:00,334
1/12/2018 1:00,343
1/12/2018 0:00,347
1/11/2018 23:00,340
1/11/2018 22:00,286
1/11/2018 21:00,260
1/11/2018 20:00,244
1/11/2018 19:00,161
1/11/2018 18:00,73
1/11/2018 17:00,80
1/11/2018 16:00,122
1/11/2018 15:00,117
1/11/2018 14:00,94
1/11/2018 13:00,145
1/11/2018 12:00,278
1/11/2018 11:00,308
1/11/2018 10:00,309
1/11/2018 9:00,241
1/11/2018 8:00,315
1/11/2018 7:00,337
1/11/2018 6:00,279
1/11/2018 5:00,314
1/11/2018 4:00,326
1/11/2018 3:00,340
1/11/2018 2:00,360
1/11/2018 1:00,368
1/11/2018 0:00,363
1/10/2018 23:00,375
1/10/2018 22:00,386
1/10/2018 21:00,390
1/10/2018 20:00,347
1/10/2018 19:00,211
1/10/2018 18:00,134
1/10/2018 17:00,103
1/10/2018 16:00,103
1/10/2018 15:00,134
1/10/2018 14:00,126
1/10/2018 13:00,237
1/10/2018 12:00,312
1/10/2018 11:00,311
1/10/2018 10:00,309
1/10/2018 9:00,298
1/10/2018 8:00,305
1/10/2018 7:00,342
1/10/2018 6:00,332
1/10/2018 5:00,374
1/10/2018 4:00,414
1/10/2018 3:00,401
1/10/2018 2:00,393
1/10/2018 1:00,329
1/10/2018 0:00,368
1/9/2018 23:00,320
1/9/2018 22:00,369
1/9/2018 21:00,377
1/9/2018 20:00,345
1/9/2018 19:00,307
1/9/2018 18:00,295
1/9/2018 17:00,230
1/9/2018 16:00,155
1/9/2018 15:00,131
1/9/2018 14:00,130
1/9/2018 13:00,229
1/9/2018 12:00,322
1/9/2018 11:00,372
1/9/2018 10:00,373
1/9/2018 9:00,313
1/9/2018 8:00,328
1/9/2018 7:00,370
1/9/2018 6:00,355
1/9/2018 5:00,389
1/9/2018 4:00,425
1/9/2018 3:00,471
1/9/2018 2:00,407
1/9/2018 1:00,422
1/9/2018 0:00,403
1/8/2018 23:00,375
1/8/2018 22:00,407
1/8/2018 21:00,397
1/8/2018 20:00,235
1/8/2018 19:00,120
1/8/2018 18:00,83
1/8/2018 17:00,82
1/8/2018 16:00,94
1/8/2018 15:00,55
1/8/2018 14:00,65
1/8/2018 13:00,224
1/8/2018 12:00,317
1/8/2018 11:00,342
1/8/2018 10:00,339
1/8/2018 9:00,280
1/8/2018 8:00,289
1/8/2018 7:00,340
1/8/2018 6:00,334
1/8/2018 5:00,355
1/8/2018 4:00,344
1/8/2018 3:00,356
1/8/2018 2:00,349
1/8/2018 1:00,323
1/8/2018 0:00,334
1/7/2018 23:00,374
1/7/2018 22:00,404
1/7/2018 21:00,398
1/7/2018 20:00,301
1/7/2018 19:00,106
1/7/2018 18:00,86
1/7/2018 17:00,76
1/7/2018 16:00,77
1/7/2018 15:00,58
1/7/2018 14:00,79
1/7/2018 13:00,242
1/7/2018 12:00,260
1/7/2018 11:00,225
1/7/2018 10:00,169
1/7/2018 9:00,322
1/7/2018 8:00,348
1/7/2018 7:00,388
1/7/2018 6:00,375
1/7/2018 5:00,364
1/7/2018 4:00,308
1/7/2018 3:00,354
1/7/2018 2:00,412
1/7/2018 1:00,370
1/7/2018 0:00,431
1/6/2018 23:00,452
1/6/2018 22:00,403
1/6/2018 21:00,348
1/6/2018 20:00,322
1/6/2018 19:00,245
1/6/2018 18:00,250
1/6/2018 17:00,327
1/6/2018 16:00,356
1/6/2018 15:00,415
1/6/2018 14:00,398
1/6/2018 13:00,353
1/6/2018 12:00,345
1/6/2018 11:00,320
1/6/2018 10:00,318
1/6/2018 9:00,327
1/6/2018 8:00,371
1/6/2018 7:00,359
1/6/2018 6:00,345
1/6/2018 5:00,357
1/6/2018 4:00,346
1/6/2018 3:00,241
1/6/2018 2:00,346
1/6/2018 1:00,410
1/6/2018 0:00,409
1/5/2018 23:00,412
1/5/2018 22:00,386
1/5/2018 21:00,375
1/5/2018 20:00,368
1/5/2018 19:00,358
1/5/2018 18:00,379
1/5/2018 17:00,414
1/5/2018 16:00,170
1/5/2018 15:00,171
1/5/2018 14:00,294
1/5/2018 13:00,341
1/5/2018 12:00,359
1/5/2018 11:00,354
1/5/2018 10:00,320
1/5/2018 9:00,319
1/5/2018 8:00,323
1/5/2018 7:00,335
1/5/2018 6:00,326
1/5/2018 5:00,353
1/5/2018 4:00,341
1/5/2018 3:00,329
1/5/2018 2:00,346
1/5/2018 1:00,391
1/5/2018 0:00,437
1/4/2018 23:00,420
1/4/2018 22:00,409
1/4/2018 21:00,376
1/4/2018 20:00,387
1/4/2018 19:00,393
1/4/2018 18:00,416
1/4/2018 17:00,470
1/4/2018 16:00,364
1/4/2018 15:00,345
1/4/2018 14:00,388
1/4/2018 13:00,399
1/4/2018 12:00,325
1/4/2018 11:00,305
1/4/2018 10:00,190
1/4/2018 9:00,158
1/4/2018 8:00,178
1/4/2018 7:00,204
1/4/2018 6:00,170
1/4/2018 5:00,171
1/4/2018 4:00,150
1/4/2018 3:00,143
1/4/2018 2:00,301
1/4/2018 1:00,329
1/4/2018 0:00,373
1/3/2018 23:00,316
1/3/2018 22:00,315
1/3/2018 21:00,333
1/3/2018 20:00,393
1/3/2018 19:00,361
1/3/2018 18:00,367
1/3/2018 17:00,364
1/3/2018 16:00,375
1/3/2018 15:00,334
1/3/2018 14:00,343
1/3/2018 13:00,365
1/3/2018 12:00,359
1/3/2018 11:00,338
1/3/2018 10:00,321
1/3/2018 9:00,301
1/3/2018 8:00,300
1/3/2018 7:00,316
1/3/2018 6:00,310
1/3/2018 5:00,311
1/3/2018 4:00,321
1/3/2018 3:00,346
1/3/2018 2:00,324
1/3/2018 1:00,360
1/3/2018 0:00,362
1/2/2018 23:00,439
1/2/2018 22:00,445
1/2/2018 21:00,423
1/2/2018 20:00,365
1/2/2018 19:00,356
1/2/2018 18:00,357
1/2/2018 17:00,333
1/2/2018 16:00,351
1/2/2018 15:00,380
1/2/2018 14:00,404
1/2/2018 13:00,365
1/2/2018 12:00,367
1/2/2018 11:00,367
1/2/2018 10:00,348
1/2/2018 9:00,350
1/2/2018 8:00,364
1/2/2018 7:00,394
1/2/2018 6:00,384
1/2/2018 5:00,362
1/2/2018 4:00,337
1/2/2018 3:00,342
1/2/2018 2:00,341
1/2/2018 1:00,446
1/2/2018 0:00,492
1/1/2018 23:00,448
1/1/2018 22:00,438
1/1/2018 21:00,444
1/1/2018 20:00,472
1/1/2018 19:00,480
1/1/2018 18:00,386
1/1/2018 17:00,301
1/1/2018 16:00,320
1/1/2018 15:00,330
1/1/2018 14:00,420
1/1/2018 13:00,426
1/1/2018 12:00,411
1/1/2018 11:00,382
1/1/2018 10:00,336
1/1/2018 9:00,332
1/1/2018 8:00,371
1/1/2018 7:00,380
1/1/2018 6:00,404
1/1/2018 5:00,449
1/1/2018 4:00,470
1/1/2018 3:00,466
1/1/2018 2:00,417
1/1/2018 1:00,414
1/1/2018 0:00,423
